"ensembl_gene_id","external_gene_name","transcript_biotype","description","go_id","name_1006","namespace_1003"
"ENSMUSG00000005705","Agrp","protein_coding","agouti related neuropeptide [Source:MGI Symbol;Acc:MGI:892013]","GO:0005576","extracellular region","cellular_component"
"ENSMUSG00000005705","Agrp","protein_coding","agouti related neuropeptide [Source:MGI Symbol;Acc:MGI:892013]","GO:0005102","signaling receptor binding","molecular_function"
"ENSMUSG00000005705","Agrp","protein_coding","agouti related neuropeptide [Source:MGI Symbol;Acc:MGI:892013]","GO:0009755","hormone-mediated signaling pathway","biological_process"
"ENSMUSG00000005705","Agrp","protein_coding","agouti related neuropeptide [Source:MGI Symbol;Acc:MGI:892013]","GO:0005794","Golgi apparatus","cellular_component"
"ENSMUSG00000005705","Agrp","protein_coding","agouti related neuropeptide [Source:MGI Symbol;Acc:MGI:892013]","GO:0005615","extracellular space","cellular_component"
"ENSMUSG00000005705","Agrp","protein_coding","agouti related neuropeptide [Source:MGI Symbol;Acc:MGI:892013]","GO:0043025","neuronal cell body","cellular_component"
"ENSMUSG00000005705","Agrp","protein_coding","agouti related neuropeptide [Source:MGI Symbol;Acc:MGI:892013]","GO:0005796","Golgi lumen","cellular_component"
"ENSMUSG00000005705","Agrp","protein_coding","agouti related neuropeptide [Source:MGI Symbol;Acc:MGI:892013]","GO:0007218","neuropeptide signaling pathway","biological_process"
"ENSMUSG00000005705","Agrp","protein_coding","agouti related neuropeptide [Source:MGI Symbol;Acc:MGI:892013]","GO:0031782","type 4 melanocortin receptor binding","molecular_function"
"ENSMUSG00000005705","Agrp","protein_coding","agouti related neuropeptide [Source:MGI Symbol;Acc:MGI:892013]","GO:0070996","type 1 melanocortin receptor binding","molecular_function"
"ENSMUSG00000005705","Agrp","protein_coding","agouti related neuropeptide [Source:MGI Symbol;Acc:MGI:892013]","GO:0005184","neuropeptide hormone activity","molecular_function"
"ENSMUSG00000005705","Agrp","protein_coding","agouti related neuropeptide [Source:MGI Symbol;Acc:MGI:892013]","GO:0042755","eating behavior","biological_process"
"ENSMUSG00000005705","Agrp","protein_coding","agouti related neuropeptide [Source:MGI Symbol;Acc:MGI:892013]","GO:0060259","regulation of feeding behavior","biological_process"
"ENSMUSG00000005705","Agrp","protein_coding","agouti related neuropeptide [Source:MGI Symbol;Acc:MGI:892013]","GO:0008343","adult feeding behavior","biological_process"
"ENSMUSG00000005705","Agrp","protein_coding","agouti related neuropeptide [Source:MGI Symbol;Acc:MGI:892013]","GO:0031781","type 3 melanocortin receptor binding","molecular_function"
"ENSMUSG00000005705","Agrp","protein_coding","agouti related neuropeptide [Source:MGI Symbol;Acc:MGI:892013]","GO:2000253","positive regulation of feeding behavior","biological_process"
"ENSMUSG00000005705","Agrp","protein_coding","agouti related neuropeptide [Source:MGI Symbol;Acc:MGI:892013]","GO:0007623","circadian rhythm","biological_process"
"ENSMUSG00000005705","Agrp","protein_coding","agouti related neuropeptide [Source:MGI Symbol;Acc:MGI:892013]","GO:0032868","response to insulin","biological_process"
"ENSMUSG00000005705","Agrp","protein_coding","agouti related neuropeptide [Source:MGI Symbol;Acc:MGI:892013]","GO:0048571","long-day photoperiodism","biological_process"
"ENSMUSG00000005705","Agrp","protein_coding","agouti related neuropeptide [Source:MGI Symbol;Acc:MGI:892013]","GO:0060135","maternal process involved in female pregnancy","biological_process"
"ENSMUSG00000018411","Mapt","protein_coding","microtubule-associated protein tau [Source:MGI Symbol;Acc:MGI:97180]","GO:0015631","tubulin binding","molecular_function"
"ENSMUSG00000018411","Mapt","protein_coding","microtubule-associated protein tau [Source:MGI Symbol;Acc:MGI:97180]","GO:0008017","microtubule binding","molecular_function"
"ENSMUSG00000018411","Mapt","protein_coding","microtubule-associated protein tau [Source:MGI Symbol;Acc:MGI:97180]","GO:0005634","nucleus","cellular_component"
"ENSMUSG00000018411","Mapt","protein_coding","microtubule-associated protein tau [Source:MGI Symbol;Acc:MGI:97180]","GO:0005515","protein binding","molecular_function"
"ENSMUSG00000018411","Mapt","protein_coding","microtubule-associated protein tau [Source:MGI Symbol;Acc:MGI:97180]","GO:0044877","protein-containing complex binding","molecular_function"
"ENSMUSG00000018411","Mapt","protein_coding","microtubule-associated protein tau [Source:MGI Symbol;Acc:MGI:97180]","GO:0010976","positive regulation of neuron projection development","biological_process"
"ENSMUSG00000018411","Mapt","protein_coding","microtubule-associated protein tau [Source:MGI Symbol;Acc:MGI:97180]","GO:0048675","axon extension","biological_process"
"ENSMUSG00000018411","Mapt","protein_coding","microtubule-associated protein tau [Source:MGI Symbol;Acc:MGI:97180]","GO:0014069","postsynaptic density","cellular_component"
"ENSMUSG00000018411","Mapt","protein_coding","microtubule-associated protein tau [Source:MGI Symbol;Acc:MGI:97180]","GO:0005829","cytosol","cellular_component"
"ENSMUSG00000018411","Mapt","protein_coding","microtubule-associated protein tau [Source:MGI Symbol;Acc:MGI:97180]","GO:0005737","cytoplasm","cellular_component"
"ENSMUSG00000018411","Mapt","protein_coding","microtubule-associated protein tau [Source:MGI Symbol;Acc:MGI:97180]","GO:0030424","axon","cellular_component"
"ENSMUSG00000018411","Mapt","protein_coding","microtubule-associated protein tau [Source:MGI Symbol;Acc:MGI:97180]","GO:0042995","cell projection","cellular_component"
"ENSMUSG00000018411","Mapt","protein_coding","microtubule-associated protein tau [Source:MGI Symbol;Acc:MGI:97180]","GO:0005886","plasma membrane","cellular_component"
"ENSMUSG00000018411","Mapt","protein_coding","microtubule-associated protein tau [Source:MGI Symbol;Acc:MGI:97180]","GO:0005576","extracellular region","cellular_component"
"ENSMUSG00000018411","Mapt","protein_coding","microtubule-associated protein tau [Source:MGI Symbol;Acc:MGI:97180]","GO:0005856","cytoskeleton","cellular_component"
"ENSMUSG00000018411","Mapt","protein_coding","microtubule-associated protein tau [Source:MGI Symbol;Acc:MGI:97180]","GO:0030426","growth cone","cellular_component"
"ENSMUSG00000018411","Mapt","protein_coding","microtubule-associated protein tau [Source:MGI Symbol;Acc:MGI:97180]","GO:0030425","dendrite","cellular_component"
"ENSMUSG00000018411","Mapt","protein_coding","microtubule-associated protein tau [Source:MGI Symbol;Acc:MGI:97180]","GO:0005874","microtubule","cellular_component"
"ENSMUSG00000018411","Mapt","protein_coding","microtubule-associated protein tau [Source:MGI Symbol;Acc:MGI:97180]","GO:0000226","microtubule cytoskeleton organization","biological_process"
"ENSMUSG00000018411","Mapt","protein_coding","microtubule-associated protein tau [Source:MGI Symbol;Acc:MGI:97180]","GO:0043025","neuronal cell body","cellular_component"
"ENSMUSG00000018411","Mapt","protein_coding","microtubule-associated protein tau [Source:MGI Symbol;Acc:MGI:97180]","GO:0007584","response to nutrient","biological_process"
"ENSMUSG00000018411","Mapt","protein_coding","microtubule-associated protein tau [Source:MGI Symbol;Acc:MGI:97180]","GO:0031175","neuron projection development","biological_process"
"ENSMUSG00000018411","Mapt","protein_coding","microtubule-associated protein tau [Source:MGI Symbol;Acc:MGI:97180]","GO:0043005","neuron projection","cellular_component"
"ENSMUSG00000018411","Mapt","protein_coding","microtubule-associated protein tau [Source:MGI Symbol;Acc:MGI:97180]","GO:0015630","microtubule cytoskeleton","cellular_component"
"ENSMUSG00000018411","Mapt","protein_coding","microtubule-associated protein tau [Source:MGI Symbol;Acc:MGI:97180]","GO:0019901","protein kinase binding","molecular_function"
"ENSMUSG00000018411","Mapt","protein_coding","microtubule-associated protein tau [Source:MGI Symbol;Acc:MGI:97180]","GO:0010506","regulation of autophagy","biological_process"
"ENSMUSG00000018411","Mapt","protein_coding","microtubule-associated protein tau [Source:MGI Symbol;Acc:MGI:97180]","GO:0044295","axonal growth cone","cellular_component"
"ENSMUSG00000018411","Mapt","protein_coding","microtubule-associated protein tau [Source:MGI Symbol;Acc:MGI:97180]","GO:0005930","axoneme","cellular_component"
"ENSMUSG00000018411","Mapt","protein_coding","microtubule-associated protein tau [Source:MGI Symbol;Acc:MGI:97180]","GO:0001764","neuron migration","biological_process"
"ENSMUSG00000018411","Mapt","protein_coding","microtubule-associated protein tau [Source:MGI Symbol;Acc:MGI:97180]","GO:0009898","cytoplasmic side of plasma membrane","cellular_component"
"ENSMUSG00000018411","Mapt","protein_coding","microtubule-associated protein tau [Source:MGI Symbol;Acc:MGI:97180]","GO:0051721","protein phosphatase 2A binding","molecular_function"
"ENSMUSG00000018411","Mapt","protein_coding","microtubule-associated protein tau [Source:MGI Symbol;Acc:MGI:97180]","GO:0007628","adult walking behavior","biological_process"
"ENSMUSG00000018411","Mapt","protein_coding","microtubule-associated protein tau [Source:MGI Symbol;Acc:MGI:97180]","GO:0019899","enzyme binding","molecular_function"
"ENSMUSG00000018411","Mapt","protein_coding","microtubule-associated protein tau [Source:MGI Symbol;Acc:MGI:97180]","GO:0007409","axonogenesis","biological_process"
"ENSMUSG00000018411","Mapt","protein_coding","microtubule-associated protein tau [Source:MGI Symbol;Acc:MGI:97180]","GO:0031116","positive regulation of microtubule polymerization","biological_process"
"ENSMUSG00000018411","Mapt","protein_coding","microtubule-associated protein tau [Source:MGI Symbol;Acc:MGI:97180]","GO:0010288","response to lead ion","biological_process"
"ENSMUSG00000018411","Mapt","protein_coding","microtubule-associated protein tau [Source:MGI Symbol;Acc:MGI:97180]","GO:1900454","positive regulation of long-term synaptic depression","biological_process"
"ENSMUSG00000018411","Mapt","protein_coding","microtubule-associated protein tau [Source:MGI Symbol;Acc:MGI:97180]","GO:0051087","protein-folding chaperone binding","molecular_function"
"ENSMUSG00000018411","Mapt","protein_coding","microtubule-associated protein tau [Source:MGI Symbol;Acc:MGI:97180]","GO:0031072","heat shock protein binding","molecular_function"
"ENSMUSG00000018411","Mapt","protein_coding","microtubule-associated protein tau [Source:MGI Symbol;Acc:MGI:97180]","GO:0008631","intrinsic apoptotic signaling pathway in response to oxidative stress","biological_process"
"ENSMUSG00000018411","Mapt","protein_coding","microtubule-associated protein tau [Source:MGI Symbol;Acc:MGI:97180]","GO:0044297","cell body","cellular_component"
"ENSMUSG00000018411","Mapt","protein_coding","microtubule-associated protein tau [Source:MGI Symbol;Acc:MGI:97180]","GO:0051879","Hsp90 protein binding","molecular_function"
"ENSMUSG00000018411","Mapt","protein_coding","microtubule-associated protein tau [Source:MGI Symbol;Acc:MGI:97180]","GO:0008088","axo-dendritic transport","biological_process"
"ENSMUSG00000018411","Mapt","protein_coding","microtubule-associated protein tau [Source:MGI Symbol;Acc:MGI:97180]","GO:0045121","membrane raft","cellular_component"
"ENSMUSG00000018411","Mapt","protein_coding","microtubule-associated protein tau [Source:MGI Symbol;Acc:MGI:97180]","GO:0047497","mitochondrion transport along microtubule","biological_process"
"ENSMUSG00000018411","Mapt","protein_coding","microtubule-associated protein tau [Source:MGI Symbol;Acc:MGI:97180]","GO:0046907","intracellular transport","biological_process"
"ENSMUSG00000018411","Mapt","protein_coding","microtubule-associated protein tau [Source:MGI Symbol;Acc:MGI:97180]","GO:0032387","negative regulation of intracellular transport","biological_process"
"ENSMUSG00000018411","Mapt","protein_coding","microtubule-associated protein tau [Source:MGI Symbol;Acc:MGI:97180]","GO:0060632","regulation of microtubule-based movement","biological_process"
"ENSMUSG00000018411","Mapt","protein_coding","microtubule-associated protein tau [Source:MGI Symbol;Acc:MGI:97180]","GO:0003677","DNA binding","molecular_function"
"ENSMUSG00000018411","Mapt","protein_coding","microtubule-associated protein tau [Source:MGI Symbol;Acc:MGI:97180]","GO:0006974","DNA damage response","biological_process"
"ENSMUSG00000018411","Mapt","protein_coding","microtubule-associated protein tau [Source:MGI Symbol;Acc:MGI:97180]","GO:0045773","positive regulation of axon extension","biological_process"
"ENSMUSG00000018411","Mapt","protein_coding","microtubule-associated protein tau [Source:MGI Symbol;Acc:MGI:97180]","GO:0051028","mRNA transport","biological_process"
"ENSMUSG00000018411","Mapt","protein_coding","microtubule-associated protein tau [Source:MGI Symbol;Acc:MGI:97180]","GO:1900034","regulation of cellular response to heat","biological_process"
"ENSMUSG00000018411","Mapt","protein_coding","microtubule-associated protein tau [Source:MGI Symbol;Acc:MGI:97180]","GO:1904428","negative regulation of tubulin deacetylation","biological_process"
"ENSMUSG00000018411","Mapt","protein_coding","microtubule-associated protein tau [Source:MGI Symbol;Acc:MGI:97180]","GO:0044304","main axon","cellular_component"
"ENSMUSG00000018411","Mapt","protein_coding","microtubule-associated protein tau [Source:MGI Symbol;Acc:MGI:97180]","GO:0097386","glial cell projection","cellular_component"
"ENSMUSG00000018411","Mapt","protein_coding","microtubule-associated protein tau [Source:MGI Symbol;Acc:MGI:97180]","GO:0045298","tubulin complex","cellular_component"
"ENSMUSG00000018411","Mapt","protein_coding","microtubule-associated protein tau [Source:MGI Symbol;Acc:MGI:97180]","GO:0016607","nuclear speck","cellular_component"
"ENSMUSG00000018411","Mapt","protein_coding_CDS_not_defined","microtubule-associated protein tau [Source:MGI Symbol;Acc:MGI:97180]","","",""
"ENSMUSG00000018411","Mapt","retained_intron","microtubule-associated protein tau [Source:MGI Symbol;Acc:MGI:97180]","","",""
"ENSMUSG00000018411","Mapt","protein_coding","microtubule-associated protein tau [Source:MGI Symbol;Acc:MGI:97180]","","",""
"ENSMUSG00000020660","Pomc","protein_coding","pro-opiomelanocortin-alpha [Source:MGI Symbol;Acc:MGI:97742]","GO:0005576","extracellular region","cellular_component"
"ENSMUSG00000020660","Pomc","protein_coding","pro-opiomelanocortin-alpha [Source:MGI Symbol;Acc:MGI:97742]","GO:0005179","hormone activity","molecular_function"
"ENSMUSG00000020660","Pomc","protein_coding","pro-opiomelanocortin-alpha [Source:MGI Symbol;Acc:MGI:97742]","GO:0005515","protein binding","molecular_function"
"ENSMUSG00000020660","Pomc","protein_coding","pro-opiomelanocortin-alpha [Source:MGI Symbol;Acc:MGI:97742]","GO:0008217","regulation of blood pressure","biological_process"
"ENSMUSG00000020660","Pomc","protein_coding","pro-opiomelanocortin-alpha [Source:MGI Symbol;Acc:MGI:97742]","GO:0005737","cytoplasm","cellular_component"
"ENSMUSG00000020660","Pomc","protein_coding","pro-opiomelanocortin-alpha [Source:MGI Symbol;Acc:MGI:97742]","GO:0045944","positive regulation of transcription by RNA polymerase II","biological_process"
"ENSMUSG00000020660","Pomc","protein_coding","pro-opiomelanocortin-alpha [Source:MGI Symbol;Acc:MGI:97742]","GO:0005615","extracellular space","cellular_component"
"ENSMUSG00000020660","Pomc","protein_coding","pro-opiomelanocortin-alpha [Source:MGI Symbol;Acc:MGI:97742]","GO:0007165","signal transduction","biological_process"
"ENSMUSG00000020660","Pomc","protein_coding","pro-opiomelanocortin-alpha [Source:MGI Symbol;Acc:MGI:97742]","GO:0001664","G protein-coupled receptor binding","molecular_function"
"ENSMUSG00000020660","Pomc","protein_coding","pro-opiomelanocortin-alpha [Source:MGI Symbol;Acc:MGI:97742]","GO:0030141","secretory granule","cellular_component"
"ENSMUSG00000020660","Pomc","protein_coding","pro-opiomelanocortin-alpha [Source:MGI Symbol;Acc:MGI:97742]","GO:0042593","glucose homeostasis","biological_process"
"ENSMUSG00000020660","Pomc","protein_coding","pro-opiomelanocortin-alpha [Source:MGI Symbol;Acc:MGI:97742]","GO:0007267","cell-cell signaling","biological_process"
"ENSMUSG00000020660","Pomc","protein_coding","pro-opiomelanocortin-alpha [Source:MGI Symbol;Acc:MGI:97742]","GO:0007218","neuropeptide signaling pathway","biological_process"
"ENSMUSG00000020660","Pomc","protein_coding","pro-opiomelanocortin-alpha [Source:MGI Symbol;Acc:MGI:97742]","GO:0006091","generation of precursor metabolites and energy","biological_process"
"ENSMUSG00000020660","Pomc","protein_coding","pro-opiomelanocortin-alpha [Source:MGI Symbol;Acc:MGI:97742]","GO:0032720","negative regulation of tumor necrosis factor production","biological_process"
"ENSMUSG00000020660","Pomc","protein_coding","pro-opiomelanocortin-alpha [Source:MGI Symbol;Acc:MGI:97742]","GO:0070873","regulation of glycogen metabolic process","biological_process"
"ENSMUSG00000020660","Pomc","protein_coding","pro-opiomelanocortin-alpha [Source:MGI Symbol;Acc:MGI:97742]","GO:0019722","calcium-mediated signaling","biological_process"
"ENSMUSG00000020660","Pomc","protein_coding","pro-opiomelanocortin-alpha [Source:MGI Symbol;Acc:MGI:97742]","GO:2000852","regulation of corticosterone secretion","biological_process"
"ENSMUSG00000020660","Pomc","protein_coding","pro-opiomelanocortin-alpha [Source:MGI Symbol;Acc:MGI:97742]","GO:0005102","signaling receptor binding","molecular_function"
"ENSMUSG00000020660","Pomc","protein_coding","pro-opiomelanocortin-alpha [Source:MGI Symbol;Acc:MGI:97742]","GO:0031781","type 3 melanocortin receptor binding","molecular_function"
"ENSMUSG00000020660","Pomc","protein_coding","pro-opiomelanocortin-alpha [Source:MGI Symbol;Acc:MGI:97742]","GO:0031782","type 4 melanocortin receptor binding","molecular_function"
"ENSMUSG00000020660","Pomc","protein_coding","pro-opiomelanocortin-alpha [Source:MGI Symbol;Acc:MGI:97742]","GO:0070996","type 1 melanocortin receptor binding","molecular_function"
"ENSMUSG00000020660","Pomc","protein_coding","pro-opiomelanocortin-alpha [Source:MGI Symbol;Acc:MGI:97742]","GO:0032098","regulation of appetite","biological_process"
"ENSMUSG00000020660","Pomc","protein_coding","pro-opiomelanocortin-alpha [Source:MGI Symbol;Acc:MGI:97742]","GO:0033059","cellular pigmentation","biological_process"
"ENSMUSG00000020660","Pomc","protein_coding","pro-opiomelanocortin-alpha [Source:MGI Symbol;Acc:MGI:97742]","GO:0106071","positive regulation of adenylate cyclase-activating G protein-coupled receptor signaling pathway","biological_process"
"ENSMUSG00000020660","Pomc","protein_coding","pro-opiomelanocortin-alpha [Source:MGI Symbol;Acc:MGI:97742]","GO:0140668","positive regulation of oxytocin production","biological_process"
"ENSMUSG00000020660","Pomc","protein_coding","pro-opiomelanocortin-alpha [Source:MGI Symbol;Acc:MGI:97742]","GO:1990680","response to melanocyte-stimulating hormone","biological_process"
"ENSMUSG00000020660","Pomc","protein_coding","pro-opiomelanocortin-alpha [Source:MGI Symbol;Acc:MGI:97742]","","",""
"ENSMUSG00000023992","Trem2","protein_coding","triggering receptor expressed on myeloid cells 2 [Source:MGI Symbol;Acc:MGI:1913150]","GO:0071456","cellular response to hypoxia","biological_process"
"ENSMUSG00000023992","Trem2","protein_coding","triggering receptor expressed on myeloid cells 2 [Source:MGI Symbol;Acc:MGI:1913150]","GO:0005515","protein binding","molecular_function"
"ENSMUSG00000023992","Trem2","protein_coding","triggering receptor expressed on myeloid cells 2 [Source:MGI Symbol;Acc:MGI:1913150]","GO:0071333","cellular response to glucose stimulus","biological_process"
"ENSMUSG00000023992","Trem2","protein_coding","triggering receptor expressed on myeloid cells 2 [Source:MGI Symbol;Acc:MGI:1913150]","GO:0005886","plasma membrane","cellular_component"
"ENSMUSG00000023992","Trem2","protein_coding","triggering receptor expressed on myeloid cells 2 [Source:MGI Symbol;Acc:MGI:1913150]","GO:0042742","defense response to bacterium","biological_process"
"ENSMUSG00000023992","Trem2","protein_coding","triggering receptor expressed on myeloid cells 2 [Source:MGI Symbol;Acc:MGI:1913150]","GO:0005576","extracellular region","cellular_component"
"ENSMUSG00000023992","Trem2","protein_coding","triggering receptor expressed on myeloid cells 2 [Source:MGI Symbol;Acc:MGI:1913150]","GO:0010468","regulation of gene expression","biological_process"
"ENSMUSG00000023992","Trem2","protein_coding","triggering receptor expressed on myeloid cells 2 [Source:MGI Symbol;Acc:MGI:1913150]","GO:0008289","lipid binding","molecular_function"
"ENSMUSG00000023992","Trem2","protein_coding","triggering receptor expressed on myeloid cells 2 [Source:MGI Symbol;Acc:MGI:1913150]","GO:0045088","regulation of innate immune response","biological_process"
"ENSMUSG00000023992","Trem2","protein_coding","triggering receptor expressed on myeloid cells 2 [Source:MGI Symbol;Acc:MGI:1913150]","GO:0030316","osteoclast differentiation","biological_process"
"ENSMUSG00000023992","Trem2","protein_coding","triggering receptor expressed on myeloid cells 2 [Source:MGI Symbol;Acc:MGI:1913150]","GO:0071526","semaphorin-plexin signaling pathway","biological_process"
"ENSMUSG00000023992","Trem2","protein_coding","triggering receptor expressed on myeloid cells 2 [Source:MGI Symbol;Acc:MGI:1913150]","GO:0070374","positive regulation of ERK1 and ERK2 cascade","biological_process"
"ENSMUSG00000023992","Trem2","protein_coding","triggering receptor expressed on myeloid cells 2 [Source:MGI Symbol;Acc:MGI:1913150]","GO:0043066","negative regulation of apoptotic process","biological_process"
"ENSMUSG00000023992","Trem2","protein_coding","triggering receptor expressed on myeloid cells 2 [Source:MGI Symbol;Acc:MGI:1913150]","GO:0017154","semaphorin receptor activity","molecular_function"
"ENSMUSG00000023992","Trem2","protein_coding","triggering receptor expressed on myeloid cells 2 [Source:MGI Symbol;Acc:MGI:1913150]","GO:0010628","positive regulation of gene expression","biological_process"
"ENSMUSG00000023992","Trem2","protein_coding","triggering receptor expressed on myeloid cells 2 [Source:MGI Symbol;Acc:MGI:1913150]","GO:0045672","positive regulation of osteoclast differentiation","biological_process"
"ENSMUSG00000023992","Trem2","protein_coding","triggering receptor expressed on myeloid cells 2 [Source:MGI Symbol;Acc:MGI:1913150]","GO:0002931","response to ischemia","biological_process"
"ENSMUSG00000023992","Trem2","protein_coding","triggering receptor expressed on myeloid cells 2 [Source:MGI Symbol;Acc:MGI:1913150]","GO:0032733","positive regulation of interleukin-10 production","biological_process"
"ENSMUSG00000023992","Trem2","protein_coding","triggering receptor expressed on myeloid cells 2 [Source:MGI Symbol;Acc:MGI:1913150]","GO:0032720","negative regulation of tumor necrosis factor production","biological_process"
"ENSMUSG00000023992","Trem2","protein_coding","triggering receptor expressed on myeloid cells 2 [Source:MGI Symbol;Acc:MGI:1913150]","GO:0051898","negative regulation of phosphatidylinositol 3-kinase/protein kinase B signal transduction","biological_process"
"ENSMUSG00000023992","Trem2","protein_coding","triggering receptor expressed on myeloid cells 2 [Source:MGI Symbol;Acc:MGI:1913150]","GO:0001786","phosphatidylserine binding","molecular_function"
"ENSMUSG00000023992","Trem2","protein_coding","triggering receptor expressed on myeloid cells 2 [Source:MGI Symbol;Acc:MGI:1913150]","GO:1901224","positive regulation of non-canonical NF-kappaB signal transduction","biological_process"
"ENSMUSG00000023992","Trem2","protein_coding","triggering receptor expressed on myeloid cells 2 [Source:MGI Symbol;Acc:MGI:1913150]","GO:1904646","cellular response to amyloid-beta","biological_process"
"ENSMUSG00000023992","Trem2","protein_coding","triggering receptor expressed on myeloid cells 2 [Source:MGI Symbol;Acc:MGI:1913150]","GO:0002282","microglial cell activation involved in immune response","biological_process"
"ENSMUSG00000023992","Trem2","protein_coding","triggering receptor expressed on myeloid cells 2 [Source:MGI Symbol;Acc:MGI:1913150]","GO:0002291","T cell activation via T cell receptor contact with antigen bound to MHC molecule on antigen presenting cell","biological_process"
"ENSMUSG00000023992","Trem2","protein_coding","triggering receptor expressed on myeloid cells 2 [Source:MGI Symbol;Acc:MGI:1913150]","GO:0034241","positive regulation of macrophage fusion","biological_process"
"ENSMUSG00000023992","Trem2","protein_coding","triggering receptor expressed on myeloid cells 2 [Source:MGI Symbol;Acc:MGI:1913150]","GO:0043277","apoptotic cell clearance","biological_process"
"ENSMUSG00000023992","Trem2","protein_coding","triggering receptor expressed on myeloid cells 2 [Source:MGI Symbol;Acc:MGI:1913150]","GO:0048678","response to axon injury","biological_process"
"ENSMUSG00000023992","Trem2","protein_coding","triggering receptor expressed on myeloid cells 2 [Source:MGI Symbol;Acc:MGI:1913150]","GO:1903980","positive regulation of microglial cell activation","biological_process"
"ENSMUSG00000023992","Trem2","protein_coding","triggering receptor expressed on myeloid cells 2 [Source:MGI Symbol;Acc:MGI:1913150]","GO:0001774","microglial cell activation","biological_process"
"ENSMUSG00000023992","Trem2","protein_coding","triggering receptor expressed on myeloid cells 2 [Source:MGI Symbol;Acc:MGI:1913150]","GO:0006911","phagocytosis, engulfment","biological_process"
"ENSMUSG00000023992","Trem2","protein_coding","triggering receptor expressed on myeloid cells 2 [Source:MGI Symbol;Acc:MGI:1913150]","GO:0150076","neuroinflammatory response","biological_process"
"ENSMUSG00000023992","Trem2","protein_coding","triggering receptor expressed on myeloid cells 2 [Source:MGI Symbol;Acc:MGI:1913150]","GO:0005543","phospholipid binding","molecular_function"
"ENSMUSG00000023992","Trem2","protein_coding","triggering receptor expressed on myeloid cells 2 [Source:MGI Symbol;Acc:MGI:1913150]","GO:0060100","positive regulation of phagocytosis, engulfment","biological_process"
"ENSMUSG00000023992","Trem2","protein_coding","triggering receptor expressed on myeloid cells 2 [Source:MGI Symbol;Acc:MGI:1913150]","GO:0048143","astrocyte activation","biological_process"
"ENSMUSG00000023992","Trem2","protein_coding","triggering receptor expressed on myeloid cells 2 [Source:MGI Symbol;Acc:MGI:1913150]","GO:0050766","positive regulation of phagocytosis","biological_process"
"ENSMUSG00000023992","Trem2","protein_coding","triggering receptor expressed on myeloid cells 2 [Source:MGI Symbol;Acc:MGI:1913150]","GO:0038023","signaling receptor activity","molecular_function"
"ENSMUSG00000023992","Trem2","protein_coding","triggering receptor expressed on myeloid cells 2 [Source:MGI Symbol;Acc:MGI:1913150]","GO:0050730","regulation of peptidyl-tyrosine phosphorylation","biological_process"
"ENSMUSG00000023992","Trem2","protein_coding","triggering receptor expressed on myeloid cells 2 [Source:MGI Symbol;Acc:MGI:1913150]","GO:1900223","positive regulation of amyloid-beta clearance","biological_process"
"ENSMUSG00000023992","Trem2","protein_coding","triggering receptor expressed on myeloid cells 2 [Source:MGI Symbol;Acc:MGI:1913150]","GO:2001171","positive regulation of ATP biosynthetic process","biological_process"
"ENSMUSG00000023992","Trem2","protein_coding","triggering receptor expressed on myeloid cells 2 [Source:MGI Symbol;Acc:MGI:1913150]","GO:0010875","positive regulation of cholesterol efflux","biological_process"
"ENSMUSG00000023992","Trem2","protein_coding","triggering receptor expressed on myeloid cells 2 [Source:MGI Symbol;Acc:MGI:1913150]","GO:0004888","transmembrane signaling receptor activity","molecular_function"
"ENSMUSG00000023992","Trem2","protein_coding","triggering receptor expressed on myeloid cells 2 [Source:MGI Symbol;Acc:MGI:1913150]","GO:0001530","lipopolysaccharide binding","molecular_function"
"ENSMUSG00000023992","Trem2","protein_coding","triggering receptor expressed on myeloid cells 2 [Source:MGI Symbol;Acc:MGI:1913150]","GO:0150079","negative regulation of neuroinflammatory response","biological_process"
"ENSMUSG00000023992","Trem2","protein_coding","triggering receptor expressed on myeloid cells 2 [Source:MGI Symbol;Acc:MGI:1913150]","GO:0050829","defense response to Gram-negative bacterium","biological_process"
"ENSMUSG00000023992","Trem2","protein_coding","triggering receptor expressed on myeloid cells 2 [Source:MGI Symbol;Acc:MGI:1913150]","GO:0061889","negative regulation of astrocyte activation","biological_process"
"ENSMUSG00000023992","Trem2","protein_coding","triggering receptor expressed on myeloid cells 2 [Source:MGI Symbol;Acc:MGI:1913150]","GO:0150094","amyloid-beta clearance by cellular catabolic process","biological_process"
"ENSMUSG00000023992","Trem2","protein_coding","triggering receptor expressed on myeloid cells 2 [Source:MGI Symbol;Acc:MGI:1913150]","GO:1905907","negative regulation of amyloid fibril formation","biological_process"
"ENSMUSG00000023992","Trem2","protein_coding","triggering receptor expressed on myeloid cells 2 [Source:MGI Symbol;Acc:MGI:1913150]","GO:0045087","innate immune response","biological_process"
"ENSMUSG00000023992","Trem2","protein_coding","triggering receptor expressed on myeloid cells 2 [Source:MGI Symbol;Acc:MGI:1913150]","GO:0001934","positive regulation of protein phosphorylation","biological_process"
"ENSMUSG00000023992","Trem2","protein_coding","triggering receptor expressed on myeloid cells 2 [Source:MGI Symbol;Acc:MGI:1913150]","GO:0030215","semaphorin receptor binding","molecular_function"
"ENSMUSG00000023992","Trem2","protein_coding","triggering receptor expressed on myeloid cells 2 [Source:MGI Symbol;Acc:MGI:1913150]","GO:0120035","regulation of plasma membrane bounded cell projection organization","biological_process"
"ENSMUSG00000023992","Trem2","protein_coding","triggering receptor expressed on myeloid cells 2 [Source:MGI Symbol;Acc:MGI:1913150]","GO:1900016","negative regulation of cytokine production involved in inflammatory response","biological_process"
"ENSMUSG00000023992","Trem2","protein_coding","triggering receptor expressed on myeloid cells 2 [Source:MGI Symbol;Acc:MGI:1913150]","GO:0032691","negative regulation of interleukin-1 beta production","biological_process"
"ENSMUSG00000023992","Trem2","protein_coding","triggering receptor expressed on myeloid cells 2 [Source:MGI Symbol;Acc:MGI:1913150]","GO:0061518","microglial cell proliferation","biological_process"
"ENSMUSG00000023992","Trem2","protein_coding","triggering receptor expressed on myeloid cells 2 [Source:MGI Symbol;Acc:MGI:1913150]","GO:1901800","positive regulation of proteasomal protein catabolic process","biological_process"
"ENSMUSG00000023992","Trem2","protein_coding","triggering receptor expressed on myeloid cells 2 [Source:MGI Symbol;Acc:MGI:1913150]","GO:1990782","protein tyrosine kinase binding","molecular_function"
"ENSMUSG00000023992","Trem2","protein_coding","triggering receptor expressed on myeloid cells 2 [Source:MGI Symbol;Acc:MGI:1913150]","GO:1900226","negative regulation of NLRP3 inflammasome complex assembly","biological_process"
"ENSMUSG00000023992","Trem2","protein_coding","triggering receptor expressed on myeloid cells 2 [Source:MGI Symbol;Acc:MGI:1913150]","GO:0070269","pyroptosis","biological_process"
"ENSMUSG00000023992","Trem2","protein_coding","triggering receptor expressed on myeloid cells 2 [Source:MGI Symbol;Acc:MGI:1913150]","GO:0038160","CXCL12-activated CXCR4 signaling pathway","biological_process"
"ENSMUSG00000023992","Trem2","protein_coding","triggering receptor expressed on myeloid cells 2 [Source:MGI Symbol;Acc:MGI:1913150]","GO:0035176","social behavior","biological_process"
"ENSMUSG00000023992","Trem2","protein_coding","triggering receptor expressed on myeloid cells 2 [Source:MGI Symbol;Acc:MGI:1913150]","GO:0019209","kinase activator activity","molecular_function"
"ENSMUSG00000023992","Trem2","protein_coding","triggering receptor expressed on myeloid cells 2 [Source:MGI Symbol;Acc:MGI:1913150]","GO:0042834","peptidoglycan binding","molecular_function"
"ENSMUSG00000023992","Trem2","protein_coding","triggering receptor expressed on myeloid cells 2 [Source:MGI Symbol;Acc:MGI:1913150]","GO:0070891","lipoteichoic acid binding","molecular_function"
"ENSMUSG00000023992","Trem2","protein_coding","triggering receptor expressed on myeloid cells 2 [Source:MGI Symbol;Acc:MGI:1913150]","GO:0120146","sulfatide binding","molecular_function"
"ENSMUSG00000023992","Trem2","protein_coding","triggering receptor expressed on myeloid cells 2 [Source:MGI Symbol;Acc:MGI:1913150]","GO:0002862","negative regulation of inflammatory response to antigenic stimulus","biological_process"
"ENSMUSG00000023992","Trem2","protein_coding","triggering receptor expressed on myeloid cells 2 [Source:MGI Symbol;Acc:MGI:1913150]","GO:0010507","negative regulation of autophagy","biological_process"
"ENSMUSG00000023992","Trem2","protein_coding","triggering receptor expressed on myeloid cells 2 [Source:MGI Symbol;Acc:MGI:1913150]","GO:0010887","negative regulation of cholesterol storage","biological_process"
"ENSMUSG00000023992","Trem2","protein_coding","triggering receptor expressed on myeloid cells 2 [Source:MGI Symbol;Acc:MGI:1913150]","GO:0010891","negative regulation of sequestering of triglyceride","biological_process"
"ENSMUSG00000023992","Trem2","protein_coding","triggering receptor expressed on myeloid cells 2 [Source:MGI Symbol;Acc:MGI:1913150]","GO:0010983","positive regulation of high-density lipoprotein particle clearance","biological_process"
"ENSMUSG00000023992","Trem2","protein_coding","triggering receptor expressed on myeloid cells 2 [Source:MGI Symbol;Acc:MGI:1913150]","GO:0031663","lipopolysaccharide-mediated signaling pathway","biological_process"
"ENSMUSG00000023992","Trem2","protein_coding","triggering receptor expressed on myeloid cells 2 [Source:MGI Symbol;Acc:MGI:1913150]","GO:0032006","regulation of TOR signaling","biological_process"
"ENSMUSG00000023992","Trem2","protein_coding","triggering receptor expressed on myeloid cells 2 [Source:MGI Symbol;Acc:MGI:1913150]","GO:0032008","positive regulation of TOR signaling","biological_process"
"ENSMUSG00000023992","Trem2","protein_coding","triggering receptor expressed on myeloid cells 2 [Source:MGI Symbol;Acc:MGI:1913150]","GO:0032497","detection of lipopolysaccharide","biological_process"
"ENSMUSG00000023992","Trem2","protein_coding","triggering receptor expressed on myeloid cells 2 [Source:MGI Symbol;Acc:MGI:1913150]","GO:0032499","detection of peptidoglycan","biological_process"
"ENSMUSG00000023992","Trem2","protein_coding","triggering receptor expressed on myeloid cells 2 [Source:MGI Symbol;Acc:MGI:1913150]","GO:0032675","regulation of interleukin-6 production","biological_process"
"ENSMUSG00000023992","Trem2","protein_coding","triggering receptor expressed on myeloid cells 2 [Source:MGI Symbol;Acc:MGI:1913150]","GO:0034136","negative regulation of toll-like receptor 2 signaling pathway","biological_process"
"ENSMUSG00000023992","Trem2","protein_coding","triggering receptor expressed on myeloid cells 2 [Source:MGI Symbol;Acc:MGI:1913150]","GO:0034144","negative regulation of toll-like receptor 4 signaling pathway","biological_process"
"ENSMUSG00000023992","Trem2","protein_coding","triggering receptor expressed on myeloid cells 2 [Source:MGI Symbol;Acc:MGI:1913150]","GO:0034151","regulation of toll-like receptor 6 signaling pathway","biological_process"
"ENSMUSG00000023992","Trem2","protein_coding","triggering receptor expressed on myeloid cells 2 [Source:MGI Symbol;Acc:MGI:1913150]","GO:0034351","negative regulation of glial cell apoptotic process","biological_process"
"ENSMUSG00000023992","Trem2","protein_coding","triggering receptor expressed on myeloid cells 2 [Source:MGI Symbol;Acc:MGI:1913150]","GO:0043124","negative regulation of canonical NF-kappaB signal transduction","biological_process"
"ENSMUSG00000023992","Trem2","protein_coding","triggering receptor expressed on myeloid cells 2 [Source:MGI Symbol;Acc:MGI:1913150]","GO:0045728","respiratory burst after phagocytosis","biological_process"
"ENSMUSG00000023992","Trem2","protein_coding","triggering receptor expressed on myeloid cells 2 [Source:MGI Symbol;Acc:MGI:1913150]","GO:0045960","positive regulation of complement activation, classical pathway","biological_process"
"ENSMUSG00000023992","Trem2","protein_coding","triggering receptor expressed on myeloid cells 2 [Source:MGI Symbol;Acc:MGI:1913150]","GO:0050850","positive regulation of calcium-mediated signaling","biological_process"
"ENSMUSG00000023992","Trem2","protein_coding","triggering receptor expressed on myeloid cells 2 [Source:MGI Symbol;Acc:MGI:1913150]","GO:0050866","negative regulation of cell activation","biological_process"
"ENSMUSG00000023992","Trem2","protein_coding","triggering receptor expressed on myeloid cells 2 [Source:MGI Symbol;Acc:MGI:1913150]","GO:0050921","positive regulation of chemotaxis","biological_process"
"ENSMUSG00000023992","Trem2","protein_coding","triggering receptor expressed on myeloid cells 2 [Source:MGI Symbol;Acc:MGI:1913150]","GO:0051897","positive regulation of phosphatidylinositol 3-kinase/protein kinase B signal transduction","biological_process"
"ENSMUSG00000023992","Trem2","protein_coding","triggering receptor expressed on myeloid cells 2 [Source:MGI Symbol;Acc:MGI:1913150]","GO:0055088","lipid homeostasis","biological_process"
"ENSMUSG00000023992","Trem2","protein_coding","triggering receptor expressed on myeloid cells 2 [Source:MGI Symbol;Acc:MGI:1913150]","GO:0060075","regulation of resting membrane potential","biological_process"
"ENSMUSG00000023992","Trem2","protein_coding","triggering receptor expressed on myeloid cells 2 [Source:MGI Symbol;Acc:MGI:1913150]","GO:0070345","negative regulation of fat cell proliferation","biological_process"
"ENSMUSG00000023992","Trem2","protein_coding","triggering receptor expressed on myeloid cells 2 [Source:MGI Symbol;Acc:MGI:1913150]","GO:0070392","detection of lipoteichoic acid","biological_process"
"ENSMUSG00000023992","Trem2","protein_coding","triggering receptor expressed on myeloid cells 2 [Source:MGI Symbol;Acc:MGI:1913150]","GO:0071223","cellular response to lipoteichoic acid","biological_process"
"ENSMUSG00000023992","Trem2","protein_coding","triggering receptor expressed on myeloid cells 2 [Source:MGI Symbol;Acc:MGI:1913150]","GO:0071224","cellular response to peptidoglycan","biological_process"
"ENSMUSG00000023992","Trem2","protein_coding","triggering receptor expressed on myeloid cells 2 [Source:MGI Symbol;Acc:MGI:1913150]","GO:0071640","regulation of macrophage inflammatory protein 1 alpha production","biological_process"
"ENSMUSG00000023992","Trem2","protein_coding","triggering receptor expressed on myeloid cells 2 [Source:MGI Symbol;Acc:MGI:1913150]","GO:0097062","dendritic spine maintenance","biological_process"
"ENSMUSG00000023992","Trem2","protein_coding","triggering receptor expressed on myeloid cells 2 [Source:MGI Symbol;Acc:MGI:1913150]","GO:0097242","amyloid-beta clearance","biological_process"
"ENSMUSG00000023992","Trem2","protein_coding","triggering receptor expressed on myeloid cells 2 [Source:MGI Symbol;Acc:MGI:1913150]","GO:0098657","import into cell","biological_process"
"ENSMUSG00000023992","Trem2","protein_coding","triggering receptor expressed on myeloid cells 2 [Source:MGI Symbol;Acc:MGI:1913150]","GO:0110089","regulation of hippocampal neuron apoptotic process","biological_process"
"ENSMUSG00000023992","Trem2","protein_coding","triggering receptor expressed on myeloid cells 2 [Source:MGI Symbol;Acc:MGI:1913150]","GO:0150062","complement-mediated synapse pruning","biological_process"
"ENSMUSG00000023992","Trem2","protein_coding","triggering receptor expressed on myeloid cells 2 [Source:MGI Symbol;Acc:MGI:1913150]","GO:0150078","positive regulation of neuroinflammatory response","biological_process"
"ENSMUSG00000023992","Trem2","protein_coding","triggering receptor expressed on myeloid cells 2 [Source:MGI Symbol;Acc:MGI:1913150]","GO:1900015","regulation of cytokine production involved in inflammatory response","biological_process"
"ENSMUSG00000023992","Trem2","protein_coding","triggering receptor expressed on myeloid cells 2 [Source:MGI Symbol;Acc:MGI:1913150]","GO:1901980","positive regulation of inward rectifier potassium channel activity","biological_process"
"ENSMUSG00000023992","Trem2","protein_coding","triggering receptor expressed on myeloid cells 2 [Source:MGI Symbol;Acc:MGI:1913150]","GO:1902227","negative regulation of macrophage colony-stimulating factor signaling pathway","biological_process"
"ENSMUSG00000023992","Trem2","protein_coding","triggering receptor expressed on myeloid cells 2 [Source:MGI Symbol;Acc:MGI:1913150]","GO:1902531","regulation of intracellular signal transduction","biological_process"
"ENSMUSG00000023992","Trem2","protein_coding","triggering receptor expressed on myeloid cells 2 [Source:MGI Symbol;Acc:MGI:1913150]","GO:1903376","regulation of oxidative stress-induced neuron intrinsic apoptotic signaling pathway","biological_process"
"ENSMUSG00000023992","Trem2","protein_coding","triggering receptor expressed on myeloid cells 2 [Source:MGI Symbol;Acc:MGI:1913150]","GO:1903753","negative regulation of p38MAPK cascade","biological_process"
"ENSMUSG00000023992","Trem2","protein_coding","triggering receptor expressed on myeloid cells 2 [Source:MGI Symbol;Acc:MGI:1913150]","GO:1904093","negative regulation of autophagic cell death","biological_process"
"ENSMUSG00000023992","Trem2","protein_coding","triggering receptor expressed on myeloid cells 2 [Source:MGI Symbol;Acc:MGI:1913150]","GO:1904141","positive regulation of microglial cell migration","biological_process"
"ENSMUSG00000023992","Trem2","protein_coding","triggering receptor expressed on myeloid cells 2 [Source:MGI Symbol;Acc:MGI:1913150]","GO:1904951","positive regulation of establishment of protein localization","biological_process"
"ENSMUSG00000023992","Trem2","protein_coding","triggering receptor expressed on myeloid cells 2 [Source:MGI Symbol;Acc:MGI:1913150]","GO:1905291","positive regulation of CAMKK-AMPK signaling cascade","biological_process"
"ENSMUSG00000023992","Trem2","protein_coding","triggering receptor expressed on myeloid cells 2 [Source:MGI Symbol;Acc:MGI:1913150]","GO:1905581","positive regulation of low-density lipoprotein particle clearance","biological_process"
"ENSMUSG00000023992","Trem2","protein_coding","triggering receptor expressed on myeloid cells 2 [Source:MGI Symbol;Acc:MGI:1913150]","GO:1905805","excitatory synapse pruning","biological_process"
"ENSMUSG00000023992","Trem2","protein_coding","triggering receptor expressed on myeloid cells 2 [Source:MGI Symbol;Acc:MGI:1913150]","GO:1905808","positive regulation of synapse pruning","biological_process"
"ENSMUSG00000023992","Trem2","retained_intron","triggering receptor expressed on myeloid cells 2 [Source:MGI Symbol;Acc:MGI:1913150]","","",""
"ENSMUSG00000023992","Trem2","protein_coding","triggering receptor expressed on myeloid cells 2 [Source:MGI Symbol;Acc:MGI:1913150]","GO:0001540","amyloid-beta binding","molecular_function"
"ENSMUSG00000023992","Trem2","protein_coding","triggering receptor expressed on myeloid cells 2 [Source:MGI Symbol;Acc:MGI:1913150]","GO:0008013","beta-catenin binding","molecular_function"
"ENSMUSG00000023992","Trem2","protein_coding","triggering receptor expressed on myeloid cells 2 [Source:MGI Symbol;Acc:MGI:1913150]","GO:0008035","high-density lipoprotein particle binding","molecular_function"
"ENSMUSG00000023992","Trem2","protein_coding","triggering receptor expressed on myeloid cells 2 [Source:MGI Symbol;Acc:MGI:1913150]","GO:0008429","phosphatidylethanolamine binding","molecular_function"
"ENSMUSG00000023992","Trem2","protein_coding","triggering receptor expressed on myeloid cells 2 [Source:MGI Symbol;Acc:MGI:1913150]","GO:0030169","low-density lipoprotein particle binding","molecular_function"
"ENSMUSG00000023992","Trem2","protein_coding","triggering receptor expressed on myeloid cells 2 [Source:MGI Symbol;Acc:MGI:1913150]","GO:0034185","apolipoprotein binding","molecular_function"
"ENSMUSG00000023992","Trem2","protein_coding","triggering receptor expressed on myeloid cells 2 [Source:MGI Symbol;Acc:MGI:1913150]","GO:0034186","apolipoprotein A-I binding","molecular_function"
"ENSMUSG00000023992","Trem2","protein_coding","triggering receptor expressed on myeloid cells 2 [Source:MGI Symbol;Acc:MGI:1913150]","GO:0034189","very-low-density lipoprotein particle binding","molecular_function"
"ENSMUSG00000023992","Trem2","protein_coding","triggering receptor expressed on myeloid cells 2 [Source:MGI Symbol;Acc:MGI:1913150]","GO:0044877","protein-containing complex binding","molecular_function"
"ENSMUSG00000023992","Trem2","protein_coding","triggering receptor expressed on myeloid cells 2 [Source:MGI Symbol;Acc:MGI:1913150]","GO:0071813","lipoprotein particle binding","molecular_function"
"ENSMUSG00000023992","Trem2","protein_coding","triggering receptor expressed on myeloid cells 2 [Source:MGI Symbol;Acc:MGI:1913150]","GO:0097110","scaffold protein binding","molecular_function"
"ENSMUSG00000023992","Trem2","protein_coding","triggering receptor expressed on myeloid cells 2 [Source:MGI Symbol;Acc:MGI:1913150]","GO:0002588","positive regulation of antigen processing and presentation of peptide antigen via MHC class II","biological_process"
"ENSMUSG00000023992","Trem2","protein_coding","triggering receptor expressed on myeloid cells 2 [Source:MGI Symbol;Acc:MGI:1913150]","GO:0006910","phagocytosis, recognition","biological_process"
"ENSMUSG00000023992","Trem2","protein_coding","triggering receptor expressed on myeloid cells 2 [Source:MGI Symbol;Acc:MGI:1913150]","GO:0007613","memory","biological_process"
"ENSMUSG00000023992","Trem2","protein_coding","triggering receptor expressed on myeloid cells 2 [Source:MGI Symbol;Acc:MGI:1913150]","GO:0019216","regulation of lipid metabolic process","biological_process"
"ENSMUSG00000023992","Trem2","protein_coding","triggering receptor expressed on myeloid cells 2 [Source:MGI Symbol;Acc:MGI:1913150]","GO:0050714","positive regulation of protein secretion","biological_process"
"ENSMUSG00000023992","Trem2","protein_coding","triggering receptor expressed on myeloid cells 2 [Source:MGI Symbol;Acc:MGI:1913150]","GO:0050731","positive regulation of peptidyl-tyrosine phosphorylation","biological_process"
"ENSMUSG00000023992","Trem2","protein_coding","triggering receptor expressed on myeloid cells 2 [Source:MGI Symbol;Acc:MGI:1913150]","GO:0071396","cellular response to lipid","biological_process"
"ENSMUSG00000023992","Trem2","protein_coding","triggering receptor expressed on myeloid cells 2 [Source:MGI Symbol;Acc:MGI:1913150]","GO:0071402","cellular response to lipoprotein particle stimulus","biological_process"
"ENSMUSG00000023992","Trem2","protein_coding","triggering receptor expressed on myeloid cells 2 [Source:MGI Symbol;Acc:MGI:1913150]","GO:0097028","dendritic cell differentiation","biological_process"
"ENSMUSG00000023992","Trem2","protein_coding","triggering receptor expressed on myeloid cells 2 [Source:MGI Symbol;Acc:MGI:1913150]","GO:0140052","cellular response to oxidised low-density lipoprotein particle stimulus","biological_process"
"ENSMUSG00000023992","Trem2","protein_coding","triggering receptor expressed on myeloid cells 2 [Source:MGI Symbol;Acc:MGI:1913150]","GO:1901076","positive regulation of engulfment of apoptotic cell","biological_process"
"ENSMUSG00000023992","Trem2","protein_coding","triggering receptor expressed on myeloid cells 2 [Source:MGI Symbol;Acc:MGI:1913150]","GO:1903078","positive regulation of protein localization to plasma membrane","biological_process"
"ENSMUSG00000023992","Trem2","protein_coding","triggering receptor expressed on myeloid cells 2 [Source:MGI Symbol;Acc:MGI:1913150]","GO:1903082","positive regulation of C-C chemokine receptor CCR7 signaling pathway","biological_process"
"ENSMUSG00000023992","Trem2","protein_coding","triggering receptor expressed on myeloid cells 2 [Source:MGI Symbol;Acc:MGI:1913150]","GO:2000350","positive regulation of CD40 signaling pathway","biological_process"
"ENSMUSG00000023992","Trem2","protein_coding","triggering receptor expressed on myeloid cells 2 [Source:MGI Symbol;Acc:MGI:1913150]","GO:0016020","membrane","cellular_component"
"ENSMUSG00000023992","Trem2","protein_coding","triggering receptor expressed on myeloid cells 2 [Source:MGI Symbol;Acc:MGI:1913150]","GO:0044853","plasma membrane raft","cellular_component"
"ENSMUSG00000023992","Trem2","protein_coding_CDS_not_defined","triggering receptor expressed on myeloid cells 2 [Source:MGI Symbol;Acc:MGI:1913150]","","",""
"ENSMUSG00000025142","Aspscr1","retained_intron","ASPSCR1 tether for SLC2A4, UBX domain containing [Source:MGI Symbol;Acc:MGI:1916188]","","",""
"ENSMUSG00000025142","Aspscr1","protein_coding","ASPSCR1 tether for SLC2A4, UBX domain containing [Source:MGI Symbol;Acc:MGI:1916188]","GO:0005515","protein binding","molecular_function"
"ENSMUSG00000025142","Aspscr1","protein_coding","ASPSCR1 tether for SLC2A4, UBX domain containing [Source:MGI Symbol;Acc:MGI:1916188]","GO:0005829","cytosol","cellular_component"
"ENSMUSG00000025142","Aspscr1","protein_coding","ASPSCR1 tether for SLC2A4, UBX domain containing [Source:MGI Symbol;Acc:MGI:1916188]","GO:0005634","nucleus","cellular_component"
"ENSMUSG00000025142","Aspscr1","protein_coding","ASPSCR1 tether for SLC2A4, UBX domain containing [Source:MGI Symbol;Acc:MGI:1916188]","GO:0005737","cytoplasm","cellular_component"
"ENSMUSG00000025142","Aspscr1","protein_coding","ASPSCR1 tether for SLC2A4, UBX domain containing [Source:MGI Symbol;Acc:MGI:1916188]","GO:0016020","membrane","cellular_component"
"ENSMUSG00000025142","Aspscr1","protein_coding","ASPSCR1 tether for SLC2A4, UBX domain containing [Source:MGI Symbol;Acc:MGI:1916188]","GO:0012505","endomembrane system","cellular_component"
"ENSMUSG00000025142","Aspscr1","protein_coding","ASPSCR1 tether for SLC2A4, UBX domain containing [Source:MGI Symbol;Acc:MGI:1916188]","GO:0033116","endoplasmic reticulum-Golgi intermediate compartment membrane","cellular_component"
"ENSMUSG00000025142","Aspscr1","protein_coding","ASPSCR1 tether for SLC2A4, UBX domain containing [Source:MGI Symbol;Acc:MGI:1916188]","GO:0042593","glucose homeostasis","biological_process"
"ENSMUSG00000025142","Aspscr1","protein_coding","ASPSCR1 tether for SLC2A4, UBX domain containing [Source:MGI Symbol;Acc:MGI:1916188]","GO:0048471","perinuclear region of cytoplasm","cellular_component"
"ENSMUSG00000025142","Aspscr1","protein_coding","ASPSCR1 tether for SLC2A4, UBX domain containing [Source:MGI Symbol;Acc:MGI:1916188]","GO:0009898","cytoplasmic side of plasma membrane","cellular_component"
"ENSMUSG00000025142","Aspscr1","protein_coding","ASPSCR1 tether for SLC2A4, UBX domain containing [Source:MGI Symbol;Acc:MGI:1916188]","GO:0012506","vesicle membrane","cellular_component"
"ENSMUSG00000025142","Aspscr1","protein_coding","ASPSCR1 tether for SLC2A4, UBX domain containing [Source:MGI Symbol;Acc:MGI:1916188]","GO:0006886","intracellular protein transport","biological_process"
"ENSMUSG00000025142","Aspscr1","protein_coding","ASPSCR1 tether for SLC2A4, UBX domain containing [Source:MGI Symbol;Acc:MGI:1916188]","GO:0046324","regulation of glucose import","biological_process"
"ENSMUSG00000025142","Aspscr1","protein_coding","ASPSCR1 tether for SLC2A4, UBX domain containing [Source:MGI Symbol;Acc:MGI:1916188]","GO:0030659","cytoplasmic vesicle membrane","cellular_component"
"ENSMUSG00000025142","Aspscr1","protein_coding","ASPSCR1 tether for SLC2A4, UBX domain containing [Source:MGI Symbol;Acc:MGI:1916188]","GO:0031401","positive regulation of protein modification process","biological_process"
"ENSMUSG00000025142","Aspscr1","protein_coding","ASPSCR1 tether for SLC2A4, UBX domain containing [Source:MGI Symbol;Acc:MGI:1916188]","GO:0005654","nucleoplasm","cellular_component"
"ENSMUSG00000025142","Aspscr1","protein_coding","ASPSCR1 tether for SLC2A4, UBX domain containing [Source:MGI Symbol;Acc:MGI:1916188]","GO:0005886","plasma membrane","cellular_component"
"ENSMUSG00000025142","Aspscr1","protein_coding","ASPSCR1 tether for SLC2A4, UBX domain containing [Source:MGI Symbol;Acc:MGI:1916188]","GO:0043231","intracellular membrane-bounded organelle","cellular_component"
"ENSMUSG00000025142","Aspscr1","nonsense_mediated_decay","ASPSCR1 tether for SLC2A4, UBX domain containing [Source:MGI Symbol;Acc:MGI:1916188]","","",""
"ENSMUSG00000025142","Aspscr1","protein_coding","ASPSCR1 tether for SLC2A4, UBX domain containing [Source:MGI Symbol;Acc:MGI:1916188]","","",""
"ENSMUSG00000029361","Nos1","protein_coding","nitric oxide synthase 1, neuronal [Source:MGI Symbol;Acc:MGI:97360]","GO:0005515","protein binding","molecular_function"
"ENSMUSG00000029361","Nos1","protein_coding_CDS_not_defined","nitric oxide synthase 1, neuronal [Source:MGI Symbol;Acc:MGI:97360]","","",""
"ENSMUSG00000029361","Nos1","protein_coding","nitric oxide synthase 1, neuronal [Source:MGI Symbol;Acc:MGI:97360]","GO:0050660","flavin adenine dinucleotide binding","molecular_function"
"ENSMUSG00000029361","Nos1","protein_coding","nitric oxide synthase 1, neuronal [Source:MGI Symbol;Acc:MGI:97360]","GO:0016491","oxidoreductase activity","molecular_function"
"ENSMUSG00000029361","Nos1","protein_coding","nitric oxide synthase 1, neuronal [Source:MGI Symbol;Acc:MGI:97360]","GO:0010181","FMN binding","molecular_function"
"ENSMUSG00000029361","Nos1","protein_coding","nitric oxide synthase 1, neuronal [Source:MGI Symbol;Acc:MGI:97360]","GO:0020037","heme binding","molecular_function"
"ENSMUSG00000029361","Nos1","protein_coding","nitric oxide synthase 1, neuronal [Source:MGI Symbol;Acc:MGI:97360]","GO:0050661","NADP binding","molecular_function"
"ENSMUSG00000029361","Nos1","protein_coding","nitric oxide synthase 1, neuronal [Source:MGI Symbol;Acc:MGI:97360]","GO:0005516","calmodulin binding","molecular_function"
"ENSMUSG00000029361","Nos1","protein_coding","nitric oxide synthase 1, neuronal [Source:MGI Symbol;Acc:MGI:97360]","GO:0004517","nitric-oxide synthase activity","molecular_function"
"ENSMUSG00000029361","Nos1","protein_coding","nitric oxide synthase 1, neuronal [Source:MGI Symbol;Acc:MGI:97360]","GO:0006809","nitric oxide biosynthetic process","biological_process"
"ENSMUSG00000029361","Nos1","protein_coding","nitric oxide synthase 1, neuronal [Source:MGI Symbol;Acc:MGI:97360]","GO:0005739","mitochondrion","cellular_component"
"ENSMUSG00000029361","Nos1","protein_coding","nitric oxide synthase 1, neuronal [Source:MGI Symbol;Acc:MGI:97360]","GO:0043066","negative regulation of apoptotic process","biological_process"
"ENSMUSG00000029361","Nos1","protein_coding","nitric oxide synthase 1, neuronal [Source:MGI Symbol;Acc:MGI:97360]","GO:0005634","nucleus","cellular_component"
"ENSMUSG00000029361","Nos1","protein_coding","nitric oxide synthase 1, neuronal [Source:MGI Symbol;Acc:MGI:97360]","GO:0071260","cellular response to mechanical stimulus","biological_process"
"ENSMUSG00000029361","Nos1","protein_coding","nitric oxide synthase 1, neuronal [Source:MGI Symbol;Acc:MGI:97360]","GO:0045944","positive regulation of transcription by RNA polymerase II","biological_process"
"ENSMUSG00000029361","Nos1","protein_coding","nitric oxide synthase 1, neuronal [Source:MGI Symbol;Acc:MGI:97360]","GO:0045202","synapse","cellular_component"
"ENSMUSG00000029361","Nos1","protein_coding","nitric oxide synthase 1, neuronal [Source:MGI Symbol;Acc:MGI:97360]","GO:0043524","negative regulation of neuron apoptotic process","biological_process"
"ENSMUSG00000029361","Nos1","protein_coding","nitric oxide synthase 1, neuronal [Source:MGI Symbol;Acc:MGI:97360]","GO:0014069","postsynaptic density","cellular_component"
"ENSMUSG00000029361","Nos1","protein_coding","nitric oxide synthase 1, neuronal [Source:MGI Symbol;Acc:MGI:97360]","GO:0008285","negative regulation of cell population proliferation","biological_process"
"ENSMUSG00000029361","Nos1","protein_coding","nitric oxide synthase 1, neuronal [Source:MGI Symbol;Acc:MGI:97360]","GO:0043627","response to estrogen","biological_process"
"ENSMUSG00000029361","Nos1","protein_coding","nitric oxide synthase 1, neuronal [Source:MGI Symbol;Acc:MGI:97360]","GO:0005737","cytoplasm","cellular_component"
"ENSMUSG00000029361","Nos1","protein_coding","nitric oxide synthase 1, neuronal [Source:MGI Symbol;Acc:MGI:97360]","GO:0042995","cell projection","cellular_component"
"ENSMUSG00000029361","Nos1","protein_coding","nitric oxide synthase 1, neuronal [Source:MGI Symbol;Acc:MGI:97360]","GO:0046872","metal ion binding","molecular_function"
"ENSMUSG00000029361","Nos1","protein_coding","nitric oxide synthase 1, neuronal [Source:MGI Symbol;Acc:MGI:97360]","GO:0005886","plasma membrane","cellular_component"
"ENSMUSG00000029361","Nos1","protein_coding","nitric oxide synthase 1, neuronal [Source:MGI Symbol;Acc:MGI:97360]","GO:0071944","cell periphery","cellular_component"
"ENSMUSG00000029361","Nos1","protein_coding","nitric oxide synthase 1, neuronal [Source:MGI Symbol;Acc:MGI:97360]","GO:0005829","cytosol","cellular_component"
"ENSMUSG00000029361","Nos1","protein_coding","nitric oxide synthase 1, neuronal [Source:MGI Symbol;Acc:MGI:97360]","GO:0042383","sarcolemma","cellular_component"
"ENSMUSG00000029361","Nos1","protein_coding","nitric oxide synthase 1, neuronal [Source:MGI Symbol;Acc:MGI:97360]","GO:0051649","establishment of localization in cell","biological_process"
"ENSMUSG00000029361","Nos1","protein_coding","nitric oxide synthase 1, neuronal [Source:MGI Symbol;Acc:MGI:97360]","GO:0006813","potassium ion transport","biological_process"
"ENSMUSG00000029361","Nos1","protein_coding","nitric oxide synthase 1, neuronal [Source:MGI Symbol;Acc:MGI:97360]","GO:0043197","dendritic spine","cellular_component"
"ENSMUSG00000029361","Nos1","protein_coding","nitric oxide synthase 1, neuronal [Source:MGI Symbol;Acc:MGI:97360]","GO:0030425","dendrite","cellular_component"
"ENSMUSG00000029361","Nos1","protein_coding","nitric oxide synthase 1, neuronal [Source:MGI Symbol;Acc:MGI:97360]","GO:0098978","glutamatergic synapse","cellular_component"
"ENSMUSG00000029361","Nos1","protein_coding","nitric oxide synthase 1, neuronal [Source:MGI Symbol;Acc:MGI:97360]","GO:0030141","secretory granule","cellular_component"
"ENSMUSG00000029361","Nos1","protein_coding","nitric oxide synthase 1, neuronal [Source:MGI Symbol;Acc:MGI:97360]","GO:0048471","perinuclear region of cytoplasm","cellular_component"
"ENSMUSG00000029361","Nos1","protein_coding","nitric oxide synthase 1, neuronal [Source:MGI Symbol;Acc:MGI:97360]","GO:0051481","negative regulation of cytosolic calcium ion concentration","biological_process"
"ENSMUSG00000029361","Nos1","protein_coding","nitric oxide synthase 1, neuronal [Source:MGI Symbol;Acc:MGI:97360]","GO:0008270","zinc ion binding","molecular_function"
"ENSMUSG00000029361","Nos1","protein_coding","nitric oxide synthase 1, neuronal [Source:MGI Symbol;Acc:MGI:97360]","GO:0046676","negative regulation of insulin secretion","biological_process"
"ENSMUSG00000029361","Nos1","protein_coding","nitric oxide synthase 1, neuronal [Source:MGI Symbol;Acc:MGI:97360]","GO:0032991","protein-containing complex","cellular_component"
"ENSMUSG00000029361","Nos1","protein_coding","nitric oxide synthase 1, neuronal [Source:MGI Symbol;Acc:MGI:97360]","GO:0042802","identical protein binding","molecular_function"
"ENSMUSG00000029361","Nos1","protein_coding","nitric oxide synthase 1, neuronal [Source:MGI Symbol;Acc:MGI:97360]","GO:0007263","nitric oxide mediated signal transduction","biological_process"
"ENSMUSG00000029361","Nos1","protein_coding","nitric oxide synthase 1, neuronal [Source:MGI Symbol;Acc:MGI:97360]","GO:0099092","postsynaptic density, intracellular component","cellular_component"
"ENSMUSG00000029361","Nos1","protein_coding","nitric oxide synthase 1, neuronal [Source:MGI Symbol;Acc:MGI:97360]","GO:0031965","nuclear membrane","cellular_component"
"ENSMUSG00000029361","Nos1","protein_coding","nitric oxide synthase 1, neuronal [Source:MGI Symbol;Acc:MGI:97360]","GO:0044325","transmembrane transporter binding","molecular_function"
"ENSMUSG00000029361","Nos1","protein_coding","nitric oxide synthase 1, neuronal [Source:MGI Symbol;Acc:MGI:97360]","GO:0001917","photoreceptor inner segment","cellular_component"
"ENSMUSG00000029361","Nos1","protein_coding","nitric oxide synthase 1, neuronal [Source:MGI Symbol;Acc:MGI:97360]","GO:0006941","striated muscle contraction","biological_process"
"ENSMUSG00000029361","Nos1","protein_coding","nitric oxide synthase 1, neuronal [Source:MGI Symbol;Acc:MGI:97360]","GO:0006816","calcium ion transport","biological_process"
"ENSMUSG00000029361","Nos1","protein_coding","nitric oxide synthase 1, neuronal [Source:MGI Symbol;Acc:MGI:97360]","GO:0019899","enzyme binding","molecular_function"
"ENSMUSG00000029361","Nos1","protein_coding","nitric oxide synthase 1, neuronal [Source:MGI Symbol;Acc:MGI:97360]","GO:0030018","Z disc","cellular_component"
"ENSMUSG00000029361","Nos1","protein_coding","nitric oxide synthase 1, neuronal [Source:MGI Symbol;Acc:MGI:97360]","GO:0043267","negative regulation of potassium ion transport","biological_process"
"ENSMUSG00000029361","Nos1","protein_coding","nitric oxide synthase 1, neuronal [Source:MGI Symbol;Acc:MGI:97360]","GO:0032496","response to lipopolysaccharide","biological_process"
"ENSMUSG00000029361","Nos1","protein_coding","nitric oxide synthase 1, neuronal [Source:MGI Symbol;Acc:MGI:97360]","GO:0045121","membrane raft","cellular_component"
"ENSMUSG00000029361","Nos1","protein_coding","nitric oxide synthase 1, neuronal [Source:MGI Symbol;Acc:MGI:97360]","GO:0043434","response to peptide hormone","biological_process"
"ENSMUSG00000029361","Nos1","protein_coding","nitric oxide synthase 1, neuronal [Source:MGI Symbol;Acc:MGI:97360]","GO:0097110","scaffold protein binding","molecular_function"
"ENSMUSG00000029361","Nos1","protein_coding","nitric oxide synthase 1, neuronal [Source:MGI Symbol;Acc:MGI:97360]","GO:0002028","regulation of sodium ion transport","biological_process"
"ENSMUSG00000029361","Nos1","protein_coding","nitric oxide synthase 1, neuronal [Source:MGI Symbol;Acc:MGI:97360]","GO:0005741","mitochondrial outer membrane","cellular_component"
"ENSMUSG00000029361","Nos1","protein_coding","nitric oxide synthase 1, neuronal [Source:MGI Symbol;Acc:MGI:97360]","GO:0045184","establishment of protein localization","biological_process"
"ENSMUSG00000029361","Nos1","protein_coding","nitric oxide synthase 1, neuronal [Source:MGI Symbol;Acc:MGI:97360]","GO:0071872","cellular response to epinephrine stimulus","biological_process"
"ENSMUSG00000029361","Nos1","protein_coding","nitric oxide synthase 1, neuronal [Source:MGI Symbol;Acc:MGI:97360]","GO:0017080","sodium channel regulator activity","molecular_function"
"ENSMUSG00000029361","Nos1","protein_coding","nitric oxide synthase 1, neuronal [Source:MGI Symbol;Acc:MGI:97360]","GO:0030315","T-tubule","cellular_component"
"ENSMUSG00000029361","Nos1","protein_coding","nitric oxide synthase 1, neuronal [Source:MGI Symbol;Acc:MGI:97360]","GO:0042311","vasodilation","biological_process"
"ENSMUSG00000029361","Nos1","protein_coding","nitric oxide synthase 1, neuronal [Source:MGI Symbol;Acc:MGI:97360]","GO:0099091","postsynaptic specialization, intracellular component","cellular_component"
"ENSMUSG00000029361","Nos1","protein_coding","nitric oxide synthase 1, neuronal [Source:MGI Symbol;Acc:MGI:97360]","GO:0033137","negative regulation of peptidyl-serine phosphorylation","biological_process"
"ENSMUSG00000029361","Nos1","protein_coding","nitric oxide synthase 1, neuronal [Source:MGI Symbol;Acc:MGI:97360]","GO:0051117","ATPase binding","molecular_function"
"ENSMUSG00000029361","Nos1","protein_coding","nitric oxide synthase 1, neuronal [Source:MGI Symbol;Acc:MGI:97360]","GO:0045776","negative regulation of blood pressure","biological_process"
"ENSMUSG00000029361","Nos1","protein_coding","nitric oxide synthase 1, neuronal [Source:MGI Symbol;Acc:MGI:97360]","GO:0045906","negative regulation of vasoconstriction","biological_process"
"ENSMUSG00000029361","Nos1","protein_coding","nitric oxide synthase 1, neuronal [Source:MGI Symbol;Acc:MGI:97360]","GO:0048306","calcium-dependent protein binding","molecular_function"
"ENSMUSG00000029361","Nos1","protein_coding","nitric oxide synthase 1, neuronal [Source:MGI Symbol;Acc:MGI:97360]","GO:0060078","regulation of postsynaptic membrane potential","biological_process"
"ENSMUSG00000029361","Nos1","protein_coding","nitric oxide synthase 1, neuronal [Source:MGI Symbol;Acc:MGI:97360]","GO:0048148","behavioral response to cocaine","biological_process"
"ENSMUSG00000029361","Nos1","protein_coding","nitric oxide synthase 1, neuronal [Source:MGI Symbol;Acc:MGI:97360]","GO:0051219","phosphoprotein binding","molecular_function"
"ENSMUSG00000029361","Nos1","protein_coding","nitric oxide synthase 1, neuronal [Source:MGI Symbol;Acc:MGI:97360]","GO:0045893","positive regulation of DNA-templated transcription","biological_process"
"ENSMUSG00000029361","Nos1","protein_coding","nitric oxide synthase 1, neuronal [Source:MGI Symbol;Acc:MGI:97360]","GO:1900273","positive regulation of long-term synaptic potentiation","biological_process"
"ENSMUSG00000029361","Nos1","protein_coding","nitric oxide synthase 1, neuronal [Source:MGI Symbol;Acc:MGI:97360]","GO:0046870","cadmium ion binding","molecular_function"
"ENSMUSG00000029361","Nos1","protein_coding","nitric oxide synthase 1, neuronal [Source:MGI Symbol;Acc:MGI:97360]","GO:0005901","caveola","cellular_component"
"ENSMUSG00000029361","Nos1","protein_coding","nitric oxide synthase 1, neuronal [Source:MGI Symbol;Acc:MGI:97360]","GO:0044305","calyx of Held","cellular_component"
"ENSMUSG00000029361","Nos1","protein_coding","nitric oxide synthase 1, neuronal [Source:MGI Symbol;Acc:MGI:97360]","GO:0042178","xenobiotic catabolic process","biological_process"
"ENSMUSG00000029361","Nos1","protein_coding","nitric oxide synthase 1, neuronal [Source:MGI Symbol;Acc:MGI:97360]","GO:0009725","response to hormone","biological_process"
"ENSMUSG00000029361","Nos1","protein_coding","nitric oxide synthase 1, neuronal [Source:MGI Symbol;Acc:MGI:97360]","GO:0051926","negative regulation of calcium ion transport","biological_process"
"ENSMUSG00000029361","Nos1","protein_coding","nitric oxide synthase 1, neuronal [Source:MGI Symbol;Acc:MGI:97360]","GO:0006527","arginine catabolic process","biological_process"
"ENSMUSG00000029361","Nos1","protein_coding","nitric oxide synthase 1, neuronal [Source:MGI Symbol;Acc:MGI:97360]","GO:0051612","negative regulation of serotonin uptake","biological_process"
"ENSMUSG00000029361","Nos1","protein_coding","nitric oxide synthase 1, neuronal [Source:MGI Symbol;Acc:MGI:97360]","GO:0070402","NADPH binding","molecular_function"
"ENSMUSG00000029361","Nos1","protein_coding","nitric oxide synthase 1, neuronal [Source:MGI Symbol;Acc:MGI:97360]","GO:1902307","positive regulation of sodium ion transmembrane transport","biological_process"
"ENSMUSG00000029361","Nos1","protein_coding","nitric oxide synthase 1, neuronal [Source:MGI Symbol;Acc:MGI:97360]","GO:0071363","cellular response to growth factor stimulus","biological_process"
"ENSMUSG00000029361","Nos1","protein_coding","nitric oxide synthase 1, neuronal [Source:MGI Symbol;Acc:MGI:97360]","GO:0106071","positive regulation of adenylate cyclase-activating G protein-coupled receptor signaling pathway","biological_process"
"ENSMUSG00000029361","Nos1","protein_coding","nitric oxide synthase 1, neuronal [Source:MGI Symbol;Acc:MGI:97360]","GO:0005856","cytoskeleton","cellular_component"
"ENSMUSG00000029361","Nos1","protein_coding","nitric oxide synthase 1, neuronal [Source:MGI Symbol;Acc:MGI:97360]","GO:0034760","negative regulation of iron ion transmembrane transport","biological_process"
"ENSMUSG00000029361","Nos1","protein_coding","nitric oxide synthase 1, neuronal [Source:MGI Symbol;Acc:MGI:97360]","GO:0033017","sarcoplasmic reticulum membrane","cellular_component"
"ENSMUSG00000029361","Nos1","protein_coding","nitric oxide synthase 1, neuronal [Source:MGI Symbol;Acc:MGI:97360]","GO:0050767","regulation of neurogenesis","biological_process"
"ENSMUSG00000029361","Nos1","protein_coding","nitric oxide synthase 1, neuronal [Source:MGI Symbol;Acc:MGI:97360]","GO:0061875","negative regulation of hepatic stellate cell contraction","biological_process"
"ENSMUSG00000029361","Nos1","protein_coding","nitric oxide synthase 1, neuronal [Source:MGI Symbol;Acc:MGI:97360]","GO:0098735","positive regulation of the force of heart contraction","biological_process"
"ENSMUSG00000029361","Nos1","protein_coding","nitric oxide synthase 1, neuronal [Source:MGI Symbol;Acc:MGI:97360]","GO:0099163","synaptic signaling by nitric oxide","biological_process"
"ENSMUSG00000029361","Nos1","protein_coding","nitric oxide synthase 1, neuronal [Source:MGI Symbol;Acc:MGI:97360]","GO:0042582","azurophil granule","cellular_component"
"ENSMUSG00000029361","Nos1","nonsense_mediated_decay","nitric oxide synthase 1, neuronal [Source:MGI Symbol;Acc:MGI:97360]","GO:0046872","metal ion binding","molecular_function"
"ENSMUSG00000029361","Nos1","nonsense_mediated_decay","nitric oxide synthase 1, neuronal [Source:MGI Symbol;Acc:MGI:97360]","GO:0016491","oxidoreductase activity","molecular_function"
"ENSMUSG00000029361","Nos1","nonsense_mediated_decay","nitric oxide synthase 1, neuronal [Source:MGI Symbol;Acc:MGI:97360]","GO:0020037","heme binding","molecular_function"
"ENSMUSG00000029361","Nos1","nonsense_mediated_decay","nitric oxide synthase 1, neuronal [Source:MGI Symbol;Acc:MGI:97360]","GO:0050660","flavin adenine dinucleotide binding","molecular_function"
"ENSMUSG00000029361","Nos1","nonsense_mediated_decay","nitric oxide synthase 1, neuronal [Source:MGI Symbol;Acc:MGI:97360]","GO:0042383","sarcolemma","cellular_component"
"ENSMUSG00000029361","Nos1","nonsense_mediated_decay","nitric oxide synthase 1, neuronal [Source:MGI Symbol;Acc:MGI:97360]","GO:0005516","calmodulin binding","molecular_function"
"ENSMUSG00000029361","Nos1","nonsense_mediated_decay","nitric oxide synthase 1, neuronal [Source:MGI Symbol;Acc:MGI:97360]","GO:0050661","NADP binding","molecular_function"
"ENSMUSG00000029361","Nos1","nonsense_mediated_decay","nitric oxide synthase 1, neuronal [Source:MGI Symbol;Acc:MGI:97360]","GO:0043197","dendritic spine","cellular_component"
"ENSMUSG00000029361","Nos1","nonsense_mediated_decay","nitric oxide synthase 1, neuronal [Source:MGI Symbol;Acc:MGI:97360]","GO:0010181","FMN binding","molecular_function"
"ENSMUSG00000029361","Nos1","nonsense_mediated_decay","nitric oxide synthase 1, neuronal [Source:MGI Symbol;Acc:MGI:97360]","GO:0004517","nitric-oxide synthase activity","molecular_function"
"ENSMUSG00000029361","Nos1","nonsense_mediated_decay","nitric oxide synthase 1, neuronal [Source:MGI Symbol;Acc:MGI:97360]","GO:0006809","nitric oxide biosynthetic process","biological_process"
"ENSMUSG00000029361","Nos1","protein_coding","nitric oxide synthase 1, neuronal [Source:MGI Symbol;Acc:MGI:97360]","GO:0001666","response to hypoxia","biological_process"
"ENSMUSG00000029361","Nos1","protein_coding","nitric oxide synthase 1, neuronal [Source:MGI Symbol;Acc:MGI:97360]","GO:0009408","response to heat","biological_process"
"ENSMUSG00000029361","Nos1","protein_coding","nitric oxide synthase 1, neuronal [Source:MGI Symbol;Acc:MGI:97360]","GO:0033138","positive regulation of peptidyl-serine phosphorylation","biological_process"
"ENSMUSG00000029361","Nos1","protein_coding","nitric oxide synthase 1, neuronal [Source:MGI Symbol;Acc:MGI:97360]","GO:0033555","multicellular organismal response to stress","biological_process"
"ENSMUSG00000029361","Nos1","protein_coding","nitric oxide synthase 1, neuronal [Source:MGI Symbol;Acc:MGI:97360]","GO:0005654","nucleoplasm","cellular_component"
"ENSMUSG00000029361","Nos1","protein_coding","nitric oxide synthase 1, neuronal [Source:MGI Symbol;Acc:MGI:97360]","GO:0016529","sarcoplasmic reticulum","cellular_component"
"ENSMUSG00000031710","Ucp1","protein_coding","uncoupling protein 1 (mitochondrial, proton carrier) [Source:MGI Symbol;Acc:MGI:98894]","GO:0055085","transmembrane transport","biological_process"
"ENSMUSG00000031710","Ucp1","protein_coding","uncoupling protein 1 (mitochondrial, proton carrier) [Source:MGI Symbol;Acc:MGI:98894]","GO:0005739","mitochondrion","cellular_component"
"ENSMUSG00000031710","Ucp1","protein_coding","uncoupling protein 1 (mitochondrial, proton carrier) [Source:MGI Symbol;Acc:MGI:98894]","GO:0005515","protein binding","molecular_function"
"ENSMUSG00000031710","Ucp1","protein_coding","uncoupling protein 1 (mitochondrial, proton carrier) [Source:MGI Symbol;Acc:MGI:98894]","GO:0006357","regulation of transcription by RNA polymerase II","biological_process"
"ENSMUSG00000031710","Ucp1","protein_coding","uncoupling protein 1 (mitochondrial, proton carrier) [Source:MGI Symbol;Acc:MGI:98894]","GO:0050873","brown fat cell differentiation","biological_process"
"ENSMUSG00000031710","Ucp1","protein_coding","uncoupling protein 1 (mitochondrial, proton carrier) [Source:MGI Symbol;Acc:MGI:98894]","GO:0070417","cellular response to cold","biological_process"
"ENSMUSG00000031710","Ucp1","protein_coding","uncoupling protein 1 (mitochondrial, proton carrier) [Source:MGI Symbol;Acc:MGI:98894]","GO:0071398","cellular response to fatty acid","biological_process"
"ENSMUSG00000031710","Ucp1","protein_coding","uncoupling protein 1 (mitochondrial, proton carrier) [Source:MGI Symbol;Acc:MGI:98894]","GO:0034220","monoatomic ion transmembrane transport","biological_process"
"ENSMUSG00000031710","Ucp1","protein_coding","uncoupling protein 1 (mitochondrial, proton carrier) [Source:MGI Symbol;Acc:MGI:98894]","GO:1902600","proton transmembrane transport","biological_process"
"ENSMUSG00000031710","Ucp1","protein_coding","uncoupling protein 1 (mitochondrial, proton carrier) [Source:MGI Symbol;Acc:MGI:98894]","GO:0005743","mitochondrial inner membrane","cellular_component"
"ENSMUSG00000031710","Ucp1","protein_coding","uncoupling protein 1 (mitochondrial, proton carrier) [Source:MGI Symbol;Acc:MGI:98894]","GO:0120162","positive regulation of cold-induced thermogenesis","biological_process"
"ENSMUSG00000031710","Ucp1","protein_coding","uncoupling protein 1 (mitochondrial, proton carrier) [Source:MGI Symbol;Acc:MGI:98894]","GO:0031667","response to nutrient levels","biological_process"
"ENSMUSG00000031710","Ucp1","protein_coding","uncoupling protein 1 (mitochondrial, proton carrier) [Source:MGI Symbol;Acc:MGI:98894]","GO:0005525","GTP binding","molecular_function"
"ENSMUSG00000031710","Ucp1","protein_coding","uncoupling protein 1 (mitochondrial, proton carrier) [Source:MGI Symbol;Acc:MGI:98894]","GO:0019003","GDP binding","molecular_function"
"ENSMUSG00000031710","Ucp1","protein_coding","uncoupling protein 1 (mitochondrial, proton carrier) [Source:MGI Symbol;Acc:MGI:98894]","GO:0006839","mitochondrial transport","biological_process"
"ENSMUSG00000031710","Ucp1","protein_coding","uncoupling protein 1 (mitochondrial, proton carrier) [Source:MGI Symbol;Acc:MGI:98894]","GO:1903426","regulation of reactive oxygen species biosynthetic process","biological_process"
"ENSMUSG00000031710","Ucp1","protein_coding","uncoupling protein 1 (mitochondrial, proton carrier) [Source:MGI Symbol;Acc:MGI:98894]","GO:0032870","cellular response to hormone stimulus","biological_process"
"ENSMUSG00000031710","Ucp1","protein_coding","uncoupling protein 1 (mitochondrial, proton carrier) [Source:MGI Symbol;Acc:MGI:98894]","GO:0005740","mitochondrial envelope","cellular_component"
"ENSMUSG00000031710","Ucp1","protein_coding","uncoupling protein 1 (mitochondrial, proton carrier) [Source:MGI Symbol;Acc:MGI:98894]","GO:0002024","diet induced thermogenesis","biological_process"
"ENSMUSG00000031710","Ucp1","protein_coding","uncoupling protein 1 (mitochondrial, proton carrier) [Source:MGI Symbol;Acc:MGI:98894]","GO:1990845","adaptive thermogenesis","biological_process"
"ENSMUSG00000031710","Ucp1","protein_coding","uncoupling protein 1 (mitochondrial, proton carrier) [Source:MGI Symbol;Acc:MGI:98894]","GO:0036041","long-chain fatty acid binding","molecular_function"
"ENSMUSG00000031710","Ucp1","protein_coding","uncoupling protein 1 (mitochondrial, proton carrier) [Source:MGI Symbol;Acc:MGI:98894]","GO:0015078","proton transmembrane transporter activity","molecular_function"
"ENSMUSG00000031710","Ucp1","protein_coding","uncoupling protein 1 (mitochondrial, proton carrier) [Source:MGI Symbol;Acc:MGI:98894]","GO:0017077","oxidative phosphorylation uncoupler activity","molecular_function"
"ENSMUSG00000031710","Ucp1","protein_coding","uncoupling protein 1 (mitochondrial, proton carrier) [Source:MGI Symbol;Acc:MGI:98894]","GO:0022857","transmembrane transporter activity","molecular_function"
"ENSMUSG00000031710","Ucp1","protein_coding","uncoupling protein 1 (mitochondrial, proton carrier) [Source:MGI Symbol;Acc:MGI:98894]","GO:0032555","purine ribonucleotide binding","molecular_function"
"ENSMUSG00000031710","Ucp1","protein_coding","uncoupling protein 1 (mitochondrial, proton carrier) [Source:MGI Symbol;Acc:MGI:98894]","GO:1901612","cardiolipin binding","molecular_function"
"ENSMUSG00000031710","Ucp1","protein_coding","uncoupling protein 1 (mitochondrial, proton carrier) [Source:MGI Symbol;Acc:MGI:98894]","GO:0009266","response to temperature stimulus","biological_process"
"ENSMUSG00000031710","Ucp1","protein_coding","uncoupling protein 1 (mitochondrial, proton carrier) [Source:MGI Symbol;Acc:MGI:98894]","GO:0009409","response to cold","biological_process"
"ENSMUSG00000031710","Ucp1","protein_coding","uncoupling protein 1 (mitochondrial, proton carrier) [Source:MGI Symbol;Acc:MGI:98894]","GO:0034614","cellular response to reactive oxygen species","biological_process"
"ENSMUSG00000031710","Ucp1","protein_coding","uncoupling protein 1 (mitochondrial, proton carrier) [Source:MGI Symbol;Acc:MGI:98894]","GO:1903495","cellular response to dehydroepiandrosterone","biological_process"
"ENSMUSG00000031710","Ucp1","protein_coding","uncoupling protein 1 (mitochondrial, proton carrier) [Source:MGI Symbol;Acc:MGI:98894]","GO:1990542","mitochondrial transmembrane transport","biological_process"
"ENSMUSG00000108229","1700102F20Rik","TEC","RIKEN cDNA 1700102F20 gene [Source:MGI Symbol;Acc:MGI:1920827]","","",""
"ENSMUSG00000110269","Gm45258","TEC","predicted gene 45258 [Source:MGI Symbol;Acc:MGI:5791094]","","",""
